Score,Time,Reward,Epsilon,Bumps,Steps,Rotations,Average loss
0,1.3579,-172,1.0,43,68,133,1.2738705
1,1.1701,-82,0.997,24,64,137,0.76448977
